{
	"version": 1,
	"changelists": [
		{
			"guid": "00000000000000000000000000000000",
			"description": "Default Uncontrolled Changelist",
			"files": [
				"C:/Users/scarroetha/DustEaterzV2/DustEaterzV2/Content/Maps/DustEaterzV2Map.umap",
				"C:/Users/scarroetha/DustEaterzV2/DustEaterzV2/Content/Layers/back.uasset",
				"C:/Users/scarroetha/DustEaterzV2/DustEaterzV2/Content/Layers/back_Sprite.uasset",
				"C:/Users/scarroetha/DustEaterzV2/DustEaterzV2/Content/Layers/buildings.uasset",
				"C:/Users/scarroetha/DustEaterzV2/DustEaterzV2/Content/Layers/buildings_Sprite.uasset",
				"C:/Users/scarroetha/DustEaterzV2/DustEaterzV2/Content/sprites/running/car-running1.uasset",
				"C:/Users/scarroetha/DustEaterzV2/DustEaterzV2/Content/sprites/running/car-running2.uasset",
				"C:/Users/scarroetha/DustEaterzV2/DustEaterzV2/Content/sprites/running/car-running3.uasset",
				"C:/Users/scarroetha/DustEaterzV2/DustEaterzV2/Content/sprites/running/car-running4.uasset",
				"C:/Users/scarroetha/DustEaterzV2/DustEaterzV2/Content/sprites/running/car-running5.uasset",
				"C:/Users/scarroetha/DustEaterzV2/DustEaterzV2/Content/sprites/car1.uasset",
				"C:/Users/scarroetha/DustEaterzV2/DustEaterzV2/Content/sprites/car1_Sprite.uasset",
				"C:/Users/scarroetha/DustEaterzV2/DustEaterzV2/Content/sprites/car2.uasset",
				"C:/Users/scarroetha/DustEaterzV2/DustEaterzV2/Content/sprites/car2_Sprite.uasset",
				"C:/Users/scarroetha/DustEaterzV2/DustEaterzV2/Content/Layers/highway.uasset",
				"C:/Users/scarroetha/DustEaterzV2/DustEaterzV2/Content/Layers/palm-tree.uasset",
				"C:/Users/scarroetha/DustEaterzV2/DustEaterzV2/Content/Layers/palms.uasset",
				"C:/Users/scarroetha/DustEaterzV2/DustEaterzV2/Content/Layers/palms_Sprite.uasset",
				"C:/Users/scarroetha/DustEaterzV2/DustEaterzV2/Content/Layers/sun.uasset",
				"C:/Users/scarroetha/DustEaterzV2/DustEaterzV2/Content/Layers/highway_Sprite.uasset",
				"C:/Users/scarroetha/DustEaterzV2/DustEaterzV2/Content/Blueprints/BP_PlayerCar.uasset",
				"C:/Users/scarroetha/DustEaterzV2/DustEaterzV2/Content/Blueprints/GM_BaseGameMode.uasset",
				"C:/Users/scarroetha/DustEaterzV2/DustEaterzV2/Content/sprites/FB_PlayerCar.uasset",
				"C:/Users/scarroetha/DustEaterzV2/DustEaterzV2/Content/sprites/FB_PlayerCarMotion.uasset",
				"C:/Users/scarroetha/DustEaterzV2/DustEaterzV2/Content/Blueprints/BP_OpponentCar.uasset",
				"C:/Users/scarroetha/DustEaterzV2/DustEaterzV2/Content/Blueprints/WB_ShiftIndicator.uasset",
				"C:/Users/scarroetha/DustEaterzV2/DustEaterzV2/Content/Blueprints/BP_Nitro.uasset",
				"C:/Users/scarroetha/DustEaterzV2/DustEaterzV2/Content/Layers/palm-tree_Sprite.uasset",
				"C:/Users/scarroetha/DustEaterzV2/DustEaterzV2/Content/Blueprints/End_Game.uasset",
				"C:/Users/scarroetha/DustEaterzV2/DustEaterzV2/Content/Blueprints/EndGameWidget.uasset",
				"C:/Users/scarroetha/DustEaterzV2/DustEaterzV2/Content/Maps/M_EndGame.umap",
				"C:/Users/scarroetha/DustEaterzV2/DustEaterzV2/Content/Blueprints/GM_EndGameMode.uasset",
				"C:/Users/scarroetha/DustEaterzV2/DustEaterzV2/Content/Maps/M_StartGame.umap",
				"C:/Users/scarroetha/DustEaterzV2/DustEaterzV2/Content/Blueprints/GM_StartGameMode.uasset",
				"C:/Users/scarroetha/DustEaterzV2/DustEaterzV2/Content/Blueprints/StartMenuWidget.uasset",
				"C:/Users/scarroetha/DustEaterzV2/DustEaterzV2/Content/Blueprints/BP_PlayerCar1.uasset",
				"C:/Users/scarroetha/DustEaterzV2/DustEaterzV2/Content/sprites/car.uasset",
				"C:/Users/scarroetha/DustEaterzV2/DustEaterzV2/Content/Blueprints/Carsprite.uasset",
				"C:/Users/scarroetha/DustEaterzV2/DustEaterzV2/Content/Blueprints/BP_Player.uasset"
			]
		}
	]
}